tar_name,filepath,hash
p3_hourly_timeseries_png_ccb1289f,3_visualize/out/hourly_timeseries_png/hourly_data_01465798.png,d996ee697ea45895
p3_hourly_timeseries_png_ba737cb5,3_visualize/out/hourly_timeseries_png/hourly_data_014670261.png,f9ad4bed4a157953
p3_hourly_timeseries_png_6ec65126,3_visualize/out/hourly_timeseries_png/hourly_data_01467042.png,e3d43cb7d81e64ee
p3_hourly_timeseries_png_5056bd14,3_visualize/out/hourly_timeseries_png/hourly_data_01467048.png,53d7be0dc415e946
p3_hourly_timeseries_png_00141fc3,3_visualize/out/hourly_timeseries_png/hourly_data_01467086.png,11a0dd2cf539882e
p3_hourly_timeseries_png_c66f5d9d,3_visualize/out/hourly_timeseries_png/hourly_data_01467087.png,d94f594dbe3d340e
p3_hourly_timeseries_png_c7ac3f77,3_visualize/out/hourly_timeseries_png/hourly_data_01467200.png,edf8fcdcbc964850
p3_hourly_timeseries_png_211e0dc2,3_visualize/out/hourly_timeseries_png/hourly_data_01472104.png,02955b3d4ab7ff11
p3_hourly_timeseries_png_e2aa8d90,3_visualize/out/hourly_timeseries_png/hourly_data_01473500.png,eec942e5e7abadb4
p3_hourly_timeseries_png_aea3672c,3_visualize/out/hourly_timeseries_png/hourly_data_01473900.png,a59e4128c0a68c01
p3_hourly_timeseries_png_f65907fe,3_visualize/out/hourly_timeseries_png/hourly_data_01474000.png,7e9e472407f1fc15
p3_hourly_timeseries_png_a6dce211,3_visualize/out/hourly_timeseries_png/hourly_data_01474500.png,29db1baedc8287b9
p3_hourly_timeseries_png_ea1b127e,3_visualize/out/hourly_timeseries_png/hourly_data_01475530.png,81f4743252565f93
p3_hourly_timeseries_png_a5605dc1,3_visualize/out/hourly_timeseries_png/hourly_data_01475548.png,db76a5aa542a5dea
p3_hourly_timeseries_png_d36f8bcf,3_visualize/out/hourly_timeseries_png/hourly_data_01477050.png,f69cb14ea8bd4772
p3_hourly_timeseries_png_b2789003,3_visualize/out/hourly_timeseries_png/hourly_data_01480617.png,08e63e60811071dd
p3_hourly_timeseries_png_188d9cd3,3_visualize/out/hourly_timeseries_png/hourly_data_01480870.png,71661fe1e4318514
p3_hourly_timeseries_png_0f1433d1,3_visualize/out/hourly_timeseries_png/hourly_data_01481000.png,f6a2479f142b6298
p3_hourly_timeseries_png_c3234c7f,3_visualize/out/hourly_timeseries_png/hourly_data_01481500.png,00641f5338cf687c
p3_hourly_timeseries_png_15dbc5da,3_visualize/out/hourly_timeseries_png/hourly_data_01482504.png,77b94c9ae98b7eb2
p3_hourly_timeseries_png_538d6f3a,3_visualize/out/hourly_timeseries_png/hourly_data_01482537.png,3ca752359acd6a21
